Professor,Avaliacao
Alice,"A Alice é a Capitã Marvel dos Vingadores do CMCC. Uma das melhores professoras da comp, pego todas as matérias com ela! Em teoria dos grafos ela foi super organizada, ensinava muito bem e estava sempre disponível na sala dela para ajudar. As provas dela são sempre muito justas, estudando da pra passar suave."
Alice,"Professora maravilhosa, manja muito, tem ótima didática. Cobra bastante e puxa bastante a matéria, porém você sai muito mais confiante para qualquer outra matéria da comp. As provas são condizentes e os labs ajudam muito."
Alice,"Ótima professora, muito simpática, as aulas são muito boas, é organizada com o cronograma, as listas são bem feitas e condizentes com a prova. Cobrou presença mas não contou para quem fechou com B ou A."
Alice,"Uma das melhores professoras que já tive na minha graduação. Mas saiba que ela vai ser super exigente, provas com uma profundidade conceitual e listas desafiadoras. Ela vai ser super solícita e recomendo ir no atendimento"
Alice,"Fiz apenas lab com ela, ela foi incrível, sempre dedicada e sempre disposta pra ajudar."
Alice,[Lab] Ótima professora sempre muito solicita
Alice,"odiei, mas acredito que seja porque detesto demonstração e a aula é puramente isso. Sabe do conteúdo, mas nem tanto. Deu um exercício na lista que quando um aluno pediu pra ela resolver na lousa, levou uma aula inteira e não conseguiu. O aluno questionou a possibilidade de um exercício daquele na prova e ela disse que poderia colocar, porque era nosso dever saber resolver."
Alice,"Ela manja mto, mas é igualmente MTO mão pesada. Tive que desistir da minha alma pra passar nessa matéria"
Alice,"Ensina muito bem e se importa com os alunos. As provas são justas e parecidas com as listas, mas a matéria não é fácil então as provas tbm não são"
Alice,"Didática boa, porém a disciplina tem muito conteúdo (nem é culpa dela) e isso faz com que as provas sejam muito pesadas e difíceis. Na P2 fiquei duas horas e meia na sala e não fiz todas as questões."
Alice,"Professora muito muito boa. Atenciosa, dedicada em ajudar os alunos. Tinha vários meios de tirar dúvidas e as aulas eram muito muito boas."
Alice,"A Alice é uma excelente professora, mas suas listas foram muito difíceis e a prova mais ainda. Portanto, mesmo que eu não tenha ido tão bem na disciplina, meu raciocínio para programação melhorou muito por conta das atividades desafiadoras que ela passava."
Alice,"Professora excelente, solicita, explica muito bem. Uma das melhores professoras da comp, entretanto a prova é díficil, precisa se dedicar"
Alice,"A Alice é uma professora que gosta que você esteja presente e retirar dúvidas. Ela quer que voce se dedique de forma integral para a matéria, você aprende te fato. O único ponto que não gosto dela é simplesmente a forma que ela corrige e é extremamente exigente no formalismo e demonstrações, algo que sinceramente acaba sendo desnecessário, além de utilizar muitas questões de provas de pós comp de forma alterada. Ou seja, a Alice é exigente, acabei indo mal na P1 pela exigência do formalismo, entretanto, entreguei todas as listas e me esforcei na P2, e consegui passar com um D suado."
Alice,"Professora maravilhosa q me deu o rumo de ir pra Computação, quando abrir turma nova com ela definitivamente vai ser minha primeira opção."
Alice,"cobra bastante, mas ensina muito bem e sempre atende bem quanto às dúvidas"
Alice,"É ELA, UMA DEUSA, UMA MÁQUINA. DEUS NO CÉU E Alice NA TERRA. EU TE AMO MULHER"
Alice,"Ótima didática, faz plantões pra tirar dúvidas e os exercícios são condizentes com o que é ensinado nas aulas."
Alice,"Ela é uma professora excelente: as aulas são coesas e ela é bastante atenciosa, com prova justa e parecido com exercícios já feitos. Ainda assim, é preciso considerar que ela é exigente no aprendizado a ponto de muitas vezes passar exercícios sem permitir diversas funções prontas (ela usa python), o que pega bastante tempo pro aluno pensar, mas ainda assim, aprender."
Alice,"Sensacional. Pegaria todas da Computação com ela. Super atenciosa e bem organizada. Ela usou o Python como linguagem e passou exercícios semanais, além dos exercícios unificados. Os exercícios estavam dentro do nível de dificuldade esperado, não tão fáceis, o que faz você sair da disciplina realmente sabendo que aprendeu."
Alice,"Ela é maravilhosa, explica super bem e tem aulas muito interessantes. A matéria em si já é bastante pesada, mas ela consegue complicar sendo MUITO exigente. Os exercícios avaliativos eram bastante densos e exigiam muita lógica. O que ajudava era a lista unificada, que você podia ir treinando e valia um ponto extra na média. Em geral, consegui B com muito esforço... Se você tem facilidade, vai na fé"
Alice,"A Alice é muito boa, manja mtt do conteúdo e sabe explicar bem, além de ter mt paciência. Fez de tudo para dar suporte aos alunos, várias aulas síncronas para tirar dúvidas e até um servidor no discord. Dava listas semanais com ex teóricos e práticos, deu duas provas e algum ponto extra para quem fizesse uma lista de exercícios."
Alice,"Uma fofa! Professora super dedicada em ensinar e ajudar os alunos, gravava aulas incríveis, tinha monitoria, era super rápida para tirar dúvidas. SUPER recomendo"
Alice,"A Alice com certeza está entre os melhores professores da minha vida. Tem uma didática muito boa, dá aula na lousa e não com slides, observa a reação da turma enquanto explica, se preocupa em fazer com que os alunos entendam e é bem acessível para tirar dúvidas. Ela sabe muito e por isso as vezes corre um pouco, mas você pode interromper ela quantas vezes precisar e ela sempre explica de novo com a maior paciência. Mas ela exige na mesma medida do que ela oferece, cobra entrega de listas, cobra presença e a prova é super condizente com a aula. Se você dedicar para a disciplina vai aprender muito."
Alice,"Alice é uma das melhores professoras da computação e da UFABC em geral. Tem uma didática ótima, provas muito condizentes com o conteúdo passado em aula e muito domínio sobre a matéria. Recomendo pegar matéria com ela sempre que for possível"
Alice,"Professora maravilhosa com ótima didática. No EAD passou aulas assíncronas, com atendimento síncrono. Como avaliação usou 4 listas de exercícios distribuídas no quadrimestre e duas provas. As provas são bem justas e a correção um pouco pesada, mas coerente. Ela é bem solícita e vale a pena fazer a matéria com ela porque ela explica bem."
Alice,"Excelente professora, ótima didática, se preocupa bastante com os alunos e é muito compreensiva."
Alice,"Professora maravilhosa com uma das melhores didáticas que eu já vi na UFABC. Ela gosta muito da área e se esforça para fazer os alunos entenderem (no QS além de dar atendimentos nos horários de aula ainda ficava disponivel no discord para tirar duvidas quando precisasse). A disciplina não é trivial mas da pra fazer se estudar, e ela cobra que se saiba o conteúdo, mas de maneira justa. VÁ AOS ATENDIMENTOS E PERGUNTE O MÁXIMO QUE PUDER!"
Alice,"A professora Alice é bastante exigente, no QS ela passou muitas listas valendo metade da nota e a prova foi idêntica as listas, mas bem difíceis, então tem que estudar bastante se não não passa de jeito nenhum. Mas a professora está sempre disponível e é muito solicita pra tirar qualquer tipo de dúvida"
Alice,"boa prof, eu que vacilei"
Alice,"Professora muito boa, explica muito bem a matéria e as avaliações são coerentes com as aulas. Uma das melhores professoras que já tive"
Alice,"Aulas eram meio cansativas (escrevia em silêncio na lousa e dps explicava), mas a prova era mt treta, no fim uns 60% da sala reprovou por desistência ou nota. Como pessoa foi fantástica, atendia na sala e tirava dúvidas, etc"
Alice,"Professora muito dedicada, adoro fazer aulas com ela, tem prazer em ensinar."
Alice,"Se você quer ser bom em computação, faça com a Alice. Didatica muito bem estruturada, aberta para duvidas e sugestões. Tirei C pois não me dediquei o suficiente, mas se eu estudasse devidamente as aulas e tirasse as duvidas que tive, poderia me sair melhor."
Alice,"A professora é muito organizada e dedicada, tem boa comunicação com os alunos, o nível de cobrança é adequado e não é fácil, as matérias que ela ensina são realmente densas, mas ela tenta facilitar ao máximo."
Alice,"ótima professora, ela é extremamente solicita, sempre procura te ajudar de todas as formas, a matéria em si não é moleza"
Alice,"Grande Alice, dona da disciplina. Melhor professora de matérias mais matemáticas no BCC. Não tem nem muito o que falar, a avaliação foi com 2 provas mais 4 listas. As listas ela male-male corrigia seriamente, era onde a gente podia errar, mas é claro que o erro teria que ter uma justificativa bem plausível, ou seja, tinha que ser um erro honesto. As provas ela nem pedia para escrever pseudo-códigos, só a explicação dos passos já era suficiente. As aulas dela são num estilo lousa, pausa, explicação, repete, eu gosto mas acho que ela poderia dar mais um tempo para copiar."
Alice,"Exigente, mas o F foi my bad, dava pra ter passado com um pouco de esforco"
Alice,"A Alice é uma ótima prof, ensina muito bem, extremamente solícita, mto gente boa. Se vc fizer a matéria com ela vc vai aprender pra caramba, ela não pega leve porém é bem justa e tem uma correção bem detalhada. Ela não tem gosto por reprovar, vai fazer o possível para que as pessoas que realmente aprenderam passem. Eu recomendo bastante, mas se vc quer só passar há outros professores melhores, bastante gente reprova, principalmente quem não tem tempo suficiente pra fazer as listas bem."
Alice,"Sofri com o projeto final e a P2, mas ela é uma boa professora"
Alice,"Ótima professora, boa didática, cobra presença e tem provas condizentes com as listas. Ela passa umas 5 listas que compõem a nota final. É imprescindível fazê-las, senão vc não irá acompanhar bem o andamento da disciplina. É uma matéria onde vc precisa dedicar mais tempo semanal para conseguir entregar todas as listas (coisa que eu não consegui) e ir bem na disciplina."
Alice,Minha professora preferida na UF até hoje. Tem uma didática ótima e é muito dedicada. As avaliações são difíceis mas são justas
Alice,"Muito organizada, e explica bem o conteúdo. Muito exigente com as listas, mas elas ajudam na nota e servem como excelente preparo pra prova, sem contar a aula de tira-dúvidas, que ajuda muito."
Alice,"A professora manja do assunto. A didática é bacana, mas acho que as vezes ela deixa as coisas um pouco mais confusas. Cobra bastante nas provas, mas no geral é uma professora muito boa!"
Alice,"Professor mais solícito do que ela acho que não existe, eu enviava email pra ela meia noite e ela respondia na hora. Está sempre disposta a ajudar, minha única crítica é que ela disponibilizava lista de exercícios semanais mas não dava o gabarito dos exercícios depois, não tínhamos um feedback de onde estávamos errando."
Alice,"Excelente professora, sempre disposta para ajudar! Provas condizentes e nenhum pouco fáceis, pegaria matéria com ela de novo."
Alice,"Professora bem condizente, as provas são semelhantes as listas. Não cobra as partes mais difíceis da matéria."
Alice,"Boa professora, pegou leve na P1, mas um pouco mais pesado na P2. Além das provas, 4 listas para entregar no tidia. Fiquei com D por acabar focando em outras matérias, mas não é nada impossível."
Alice,"otima professora, muito solicita e prova condizente."
Alice,"Uma fofa! Gente a Alice é super paciente e solicita, só fica um pouco frustrada quando da metade pro final da matéria ela faz perguntas que os alunos tem condições de responder mas não respondem, manda feedback para os alunos via Tidia, perguntando qual as dificuldades deles nos exercícios, caso ela perceba que não estão fazendo os exercícios pra casa.Reprovei porque tenho muita dificuldade em programação e o Davea Teoria foi péssimo, mas com certeza pegaria matéria com ela novamente."
Alice,Adorei as aulas mas achei o trabalho final muito pesado.
Alice,"Ótima professora, super solicita, as provas foram coerentes com os exercícios feitos na sala de aula. Única coisa que não gostei foi um projeto que ela passou que valia 2 pontos na média e era pra implementar o jogo tetris, achei bem difícil e acabei não entregando. De resto, faça os exercícios propostos nas aulas do URI que você vai bem nas provas."
Alice,"uma das melhores professoras que tive, mas extremamente rigida com o seu plano de ensino, tirei 9 na p1 e 8 na p2, mas ela me mandou para rec por não fazer o projeto que ela pediu e por questão de faltas, então siga a risca oque o plano de ensino dela diz, mas vale muito a pena, é a melhor professora da computação"
Alice,"Quando fiz BCC com ela, ela dava uma explicação rápida no início da aula, e nós passavamos a aula lendo o conteúdo com vários exemplos interativos que ela tinha. Ela estava sempre disposta a tirar duvidas. Muito bom, vale a pena."
Alice,Não recomendável pra quem não tem muita lógica de programação
Alice,"Ótima professora, muito atenciosa. Domina muito o assunto"
Bob,"A aula dele não é das piores, combina leitura de slides e explicação na lousa. Pode levar uma folha (frente e verso) com resumos da aula, isso ajudou bastante na p1, já na p2 teve uma questão valendo 5 pontos que nem o resumo ajudava! Cobra presença."
Bob,"Aí aí Bob. A matéria em si é muito chata e ele da a aula em slides e os disponibiliza depois. A prova não é muito condizente com as listas que ele passa de exercícios e na P2 ele surtou e simplesmente colocou uma questão valendo metade da prova. A sala inteira foi mal e aí ele deu até meio ponto pra subir o conceito. A didática não é muito boa, ele é grosso e cobra presença."
Bob,"Professor muito atencioso e disposto a ajudar, passou CR em Python. Teve 3 listas + um projeto final. Bem tranquilo e bom para quem quer aprender."
Bob,"Ele explica bem porém também cobra bastante, faça se estiver com tempo relativamente bom para estudar, nosso projeto final foi programando em python"
Bob,Professor explica muito bem e super solícito na hora de tirar as dúvidas
Bob,"Bobom demais, ajuda a turma, aula boa"
Bob,"Bobom demais, ajuda a turma, aula boa, no presencial deve ter lista de presença. Eu gosto muito dele, sempre que posso pego matéria com ele."
Bob,"Se você pretende cursar o BCC (Bacharelado em Ciência da Computação), ele é um ótimo professor! Caso contrário, busque outras opções. Ele dá todas as aulas com slides e cobra presença, resolve exercícios e busca aprofundar um pouco o conteúdo. A prova é condizente com as listas (mas, só elas não bastam para tirar conceito A) e ele tem a mão pesada na hora da correção."
Bob,"Cobra presença, dá listas de exercícios mas que não são inclusas nas notas. A aula era maçante, mas a matéria em si não ajudava. A prova era condizente em parte, mas sempre colocava umas questões bem nada a ver, mas que dava pra fazer. Olhe pro lado na prova e ele vai gritar com você. Ele é visitante então provavelmente tá indo embora."
Bob,"Cobra presença, aulas normais e as provas são meio desniveladas em relação aos exercícios da lista dele."
Bob,"Uma aula mais ou menos, porém bem solicito A prova é super condizente com o conteudo, só as atividades que são meio esquisitas, mas dá para fazer"
Bob,"Um misto. As aulas são péssimas, ele se perde, é dificil manter a atenção. Mas em contra partida tem conteúdo remoto, e da mta chance pro aluno passar. A prova é condizente e pode levar uma folha com anotações."
Bob,professor gente boa. bem tranquilo de passar!
Bob,"O Bob é gente fina demais!!!! Esse cara é simplesmente muito pai, deu ponto extra na minha apresentação porque ficou até depois das 23h pra apresentar, e quem ficou assistindo ele também deu ponto extra. A prova foi super suave e condizente com o que ele cobrou. Mas ele não é aquele professooooor que vai te ensinar tudo da matéria, ele vai te dar uma noção de mundo, e isso ta ótimo, até porque nossos professores precisam fazer milagre no esquema de quadrimestres. PROFESSOR PAI!"
Bob,Não lembro mais.
Bob,"Ensina muito bem,"
Bob,Meio forinha do ar e demonstra não entender muito da disciplina que ministra. As aulas são meio confusas e com bastante leitura entediante de slide. Provas e trabalhos relativamente fáceis. Acho que só considerou as faltas de quem foi mal na prova. Recomendo (mas pegue com o Jesus se puder)
Bob,"o Bob é meio maluco e o fato dele ter tido que ir pra alguns congressos durante o quad não ajudou muito, então não foi a pior coisa do mundo mas tá bem longe de ter ser sido bom"
Bob,Professor é gente fina e quer que os alunos aprendam
Bob,"Cobra presença, atividades quinzenais, projeto e prova. Beneficia os alunos que ele mais gosta/que forem melhor nas atividades quinzenais. Essa é a área de pesquisa dele, então ele manja demais do assunto e quer mostrar o máximo de coisas possíveis, o problema é que o escopo da disciplina é só teórico e ele quer ser teórico e prático. Resultado: Se torna mediano nos dois aspectos."
Bob,Bom prof
Bob,bem prepotente
Bob,Achei fofo mas não consegui fazer as provas
Bob,"As aulas eram tranquilas, e para a nota ele cobrou dois trabalhos, não eram tão simples mas eram legais de serem feitos."
Bob,"A aula dele não é ruim, ele até que é empenhado para fazer as aulas. Até refez todos os exemplos que já tinha pronto usando o chat para demonstrar alguns conceitos e limitações da ferramenta. Ele deixou uma folhinha de cola na prova, e foi até que bem simples."
Bob,"Ótima didática, deixa fazer projeto em dupla, simpático pra tirar dúvidas, gostei, ajudou em programação, aulas maravilhosas, professor simpático e não se coloca acima dos alunos, compreensivo e estende prazo de entrega se pedir"
Bob,"Muito bom professor, gente boa demais. Provas bem condizentes com a matéria, se eu estudasse mais iria melhor. Recomendo!!!"
Bob,"O professor foi meio doidão na P1 que fez ser muito mais complexa do que as aulas em si, mas ele é super gente fina e se redimiu na P2, dá meio ponto e explica bem, a matéria não ajuda muito, mas ele é daora"
Bob,Ele eh dahora ficava zuando um flamenguista na aula e a prova foi suave
Bob,Foi tranquilo
Bob,"Duas provas bem complexas para fazer, mas se esforçando dava para ir bem."
Bob,"Professor super gente fina, pega leve na avaliação, é gente boa pra caramba, só as aulas que não são emocionantes, ele fica sentado explicando slides e códigos, mas vc aprende coisas úteis na matéria"
Bob,"Nas aulas que fui o Bobasicamente lia os slides, mas como ele não cobra presença não me afetou muito. A nota foi composta por 1 prova com consulta (frente e verso de uma folha) e 2 projetos simples mas interessantes(um chatbot e uma analise de um conjunto de dados da nossa escolha com as técnicas de PLN). Recomendaria se o seu objetivo for só passar na matéria ou se for autodidata pra não precisar ir as aulas."
Bob,"Nas aulas que fui o Bobasicamente lia os slides, mas como ele não cobra presença não me afetou muito, poderia ter facilmente fechado com A só vendo os slides e estudando por conta sem ir as aulas, ainda mais que ele deixava levar uma cola frente e verso pra prova, mas pisei um pouco na bola e esqueci a data da p1 então não estudei. Recomendaria se o seu objetivo for só passar na matéria ou se for autodidata pra não precisar ir as aulas."
Bob,Não lembro
Bob,"Bom professor, está disposto a ajudar os alunos."
Bob,Professor excelente. Aula com apresentação de slides e python notebooks. Não cobrou presença. Super solicito para tirar dúvidas. A avaliação foi composta por prova + projetos.
Bob,Gostei bastante dos projetos e avaliações
Bob,"Foi um Bobem didático. Avaliações condizentes, aula bem elaborada, cumpriu o TPI. Aconselho pegar matérias com ele. É atencioso, então acho que ele é nota 10."
Bob,"Matéria do demônio, mas perto da Alice, LFA com o Bob é MAMÃO!"
Bob,"Foi passavel, mas tem que se dedicar um pouco"
Bob,"Não cobra presença, projetos e normalmente disponibiliza material, se só ler os slides e o material da pra passar."
Bob,Esse professor é bem exigente no que se diz a respeito de correção de prova! Foi no EAD e tinha diversos exercícios que valiam nota.
Bob,aconselho estudar a parte pois as aulas deles são muito maçantes
Bob,ele cobra bastante na prova
Bob,Ótimo professor. Boa didática. Se preocupa em explicar a matéria de forma a ser entendido por quem não fez as recomendações.
Bob,"Segunda matéria com o Bob, acho ele exigente mas é bem compreensivo (inclusive foi muito legal comigo quando fiz a matéria, entendeu algumas questões minhas e me ajudou, achei que nem ia fazer e no fim acabei passando). Ele explica bem, tira dúvidas, e cobra aquilo que ensinou."
Bob,"O prof. passou matérias sobre grafos com programação em Python, basicamente ele montava as aulas no Colab com todos os comandos e algumas explicações e exemplos, e assim conhecíamos os comandos e como montar as representações de grafos. De avaliação tinham provas em dupla (dois se não me engano) e um trabalho em grupo, na prova ele dava algumas questões em um Colab e tínhamos que resolver, usando os comandos e lógica de programação, já no trabalho ele deixava que o grupo escolhesse o tema do trabalho e tinhamos que gerar grafos que fossem uteis com esse tema, além de responder algumas perguntas teóricas. No ead eu achei a matéria muito divertida pois envolvia a lógica também para resolver os exercícios e tinha liberdade para fazer o que quisesse no trabalho, mas de fato se tornou uma matéria que tomou muito tempo das minhas semanas. A matéria é interessante, as aulas são básicas e bem explicadas, mas as provas e trabalhos bem puxados e talvez difícil dependendo da sua desenvoltura com programação!!"
Bob,As aulas são muito condizentes com as avaliações. Ele é muito tranquilo nas correções e explica muito bem!
Bob,"Aula bem falada com anotações na lousa, prefere dar trabalhos à provas. Minha sala foi um caso a parte onde todo mundo avacalhou no trabalho final e acabou indo mal, mas as outras atividades foram fáceis e seguraram as notas mais pra cima"
Bob,"Bobem tranquilo, tivemos 3 atividades e 1 projeto. se você vai nas monitorias e corre atrás dele, capaz de te dar 1 ponto extra depois (ele fez isso com o meu grupo)"
Bob,"Uma ótima pessoa, mostra fácil que sabe muito, mas a didatica no EAD era meh"
Bob,"Gostei bastante do Bob, dá pra aprender com ele. Ele explica bem e é solícito, mas é de se considerar fazer CR com ele porque ele deixa a matéria totalmente prática, então usamos python e outro software. Tirei B porque não me dediquei tanto."
Bob,"EAD, o professor tem uma boa aula e cobra o conteúdo de forma coesa. O maior ponto positivo durante o quadrimestre foi a disponibilização de um bom material para estudo."
Bob,"É bem solícito, explicava bem, mas a aula era um pouco maçante (nada que não desse para superar). A nota foi um projeto final e atividades durante o quadri. Parece ser um cara muito bacana e tranquilo, pegaria mais materias com ele com certeza"
Bob,"Eu adorei muito fazer a disciplina com esse professor, senti que aprendi bastante. Ele passou um projeto e umas listas para fazer durante a semana, sempre escutou os alunos e até aumentou alguns prazos. Tanto os projetos e listas eram em linguagem Python. Nada a reclamar do professor, pegaria novamente disciplinas com ele."
Bob,"Bom professor! As aulas eram bem práticas, todos os conceitos ensinados (que são importantes e interessantes sobre PLN) tinham pelo menos uns dois notebooks jupyter para praticar. As avaliações eram 4 projetos, cada um deles trabalhava um ou mais tópicos da disciplina, eram bem legais porque o tema em si era bem livre."
Bob,"Professor muito bom para aprender e dedicado. Esteve em todo momento interessado em ensinar a matéria de verdade e auxiliar quem precisava. A nota foi composta por 3 listas e um projeto e as datas de entrega foram super maleáveis, alterou varias vezes para ajudar os alunos. Apesar da correção meio pesada e enunciados não tão claros ele é gente boa de mais."
Bob,"Gostei dele como pessoa e como professor também. Não teve prova, apenas atividades e um projeto final, que podia fazer individual ou em dupla (ele deixou eu e mais dois alunos fazerem trio no projeto final). Ele é muito solícito e explica bem, mas as aulas eram massantes, muito longas e chatas. Ele é um pouco exigente nas atividades, você precisa caprichar pra ele te dar nota alta (8-10), mas ele te dá uma semana pra fazer também. Um dos meus colegas de trio plagiou uma das minhas atividades e a do outro colega (história complicada kkk) e ele não reprovou nenhum de nós, apenas abaixou nossa nota final um pouco (ainda bem). Enfim, dá pra passar com ele, mas não recomendo se você quer coisa fácil, as atividades são práticas mesmo a matéria sendo teórica."
Bob,"cara, eu simplesmente odeio programação e achei a matéria meio sem sentido e não conseguia entender masss ele é muito solicito e faz de tudo pra pessoas aprender, eu acabei perdendo a data da recuperação por motivos pessoais e ele me deu mais uns dias. Adoro ele! mas a matéria é chata demais kkkk No QS ele dava aulas sicronas e lia os slides, passava algumas atividades em grupo que você poderia decidir se faria sozinho ou não, não é difícil mas é muito chato"
Bob,"O ensino dele é muito bom, as aulas ficam gravadas e é possível aprender so com isso, no entanto me pareceu bem rígido, cobrava bastante atividades, as aulas eram longas e no geral a correção não era das mais leves, é necessário aprender o conteúdo razoavelmente pra conseguir passar com uma nota ok, recomendo se quiser aprender bem, do contrário talvez seja melhor evitar"
Bob,Bases Computacionais da Ciência
Bob,"como posso dizer, ele explica bem rapido e vc faz os exercicios. quem tem boa logica pega rapido e vai embora. ele n da atenção aos alunos de pc em pc. prova condizente. conceitos um pouco altos A era 9 ou mais."
Bob,"Bobem de boa, aulas gravadas, revisão uma aula antes da prova. Deu + de 3 dias pra entregar a prova, que era fácil, então foi muito tranquila a matéria com ele."
Bob,da pra passar
Bob,gente boa
Bob,"Aula bem básica, provas fáceis"
Bob,"Presencialmente era bom, embora fosse mais especializado em JAVA, ele se esforçava muito no Python, e ajudava os alunos que precisavam, infelizmente muitos não deixavam ele dar aula e ficavam atrapalhando, a prova dele não cheguei a fazer porque começou o ECE, e durante o ECE ele atuou mais como monitor mesmo, mas pelo que vi sua prova não seria difícil, ele deixaria consultar qualquer coisa, se não me engano até na internet."
Bob,aula maçante e professor mão pesada na correção.
Bob,"Não tem meio certo com ele. Zerei uma prova porque ele não considera o processo de resolução da questão, só a resposta final (pelo menos, isso no último quad de 2018). Não achei muito didático, mas ele se dispõe a tirar dúvidas e é atencioso nesse sentido."
Bob,A matéria foi meio chata mas ele é condizente no nível de exigência nas provas
Bob,O professor não tem aula boa e aprova tem sempre pelo menos uma questão que não faz nenhum sentido com a matéria
Bob,"Péssimo kkk PI tem um grande problema que é: reprovou em uma parte da matéria, reprovou em tudo (e a teórica tem mais peso que a parte prática????????). Explica mal, a matéria já é meio complexa, pede umas coisas meio X na prova e exige que você responda EXATAMENTE como ele responderia (agora a gente tem que ter bola de cristal kkk). Charlieom didática péssima, provas esquisitas e correção pesada. Enfim, quem puder, fuja."
Bob,Bom professor!
Bob,"A aula era bem tediante, mas o professor tenta ao máximo ensinar à todos. As provas são bem difíceis e a resposta tem que ser a que ele quer. Fiz NI com ele e foi ok, deixa até levar uma ""colinha"" para a prova, depois fiz PI com ele e foi bem difícil e complexo a prova e ele não deixava mais levar a ""colinha"". Se você não for muito bom em matérias da computação, igual eu, não recomendo, pois passei, mas foi tenso."
Bob,"Aula chata, prova chata e doida e cobra presença."
Bob,É um prof normal não tem nada de mais. O único problema é que se ele pegar ranço da sala ele é uma pessoa vingativa e vai ferrar a prova pra ninguém passar. Então só não conversa na aula dele e vai nas aulas que é sucesso. Não pegaria com ele de novo
Bob,Matéria tranquila. Aula chata. Prova fácil e com uma folha sulfite de cola.
Bob,"Aula em slides, logo era super tediosa. Cobra presença mas diz que não se importa se for só pra assinar. A prova é de acordo com o que faz em aula, mas é difícil prestar atenção. Pegaria de novo pela prova tranquila em alguma matéria que não precisasse dominar."
Bob,"Bom professor, mas um tanto rude. Tivemos duas avaliações que necessitavam um certo cuidado ao responder as questões. Tivemos uma mini competição em grupo utilizando o Kahoot, e que acrescentaria uma nota para a nota final."
Bob,"Cobra presença, aula um pouco chata pois explica muito detalhadamente, coloca pegadinhas na prova, na P2 uma questão valia a metade da prova, sendo que essa questão era muito mais complicada que as listas o que abaixou o conceito de quase todos da sala."
Bob,"Aulas meio confusas, cobra presença, provinha tranquila"
Bob,"Bom professor, slides bem completos e de fácil entendimento. Nas provas ele deixa levar uma folha frente e verso pra consulta, nas aulas ele cobra presença mas não liga se você sair mais cedo."
Bob,"A prova é justa, aula dada por slide e sobre presença ele mesmo diz que quem quiser é só assinar e ir embora."
Bob,"Cobra presença e explicou bem os conceitos, fez uma P1 tranquila e deixou levar uma folha sulfite de cola, mas perdeu a mão na P2 , sai de A para C naquela carnificina de prova. Ele tira as dúvidas tranquilo e é muito gente boa."
Bob,"Ele cobra presença e faz a aula em slides. Responde bem as dúvidas e faz uma prova condizente com a aula e com as listas que disponibiliza, as provas não são fáceis mas se você se empenhar sai com um A ou B entendendo muito bem a matéria."
Bob,"Fiz só teoria com ele e as aulas eram maçantes, apesar de dar pra ver que ele sabia bem o conteúdo. O grande problema é forma como ele trata o aluno, claramente não disposto a tirar dúvidas. A prova teve um nível maior que as aulas (não disponibilizou nada de listas) com uma questão que não fazia sentido pelo que ele deu em sala. A correção dele não é pesada."
Bob,"Didática ruim, provas que não condizem com as aulas e listas passadas. Na p2 ele surtou e fez uma questão valendo metade da nota da prova, acabou que 80% da sala foi muuuuito mal. Não recomendo"
Bob,Evite.
Bob,Prática Avançada de Programação A
Bob,"Seguiu alguns livros que ele pegou para referência. mesmo se auto corrigindo durante a aula a didática dele era boa, sempre muito acessível e preocupado com a turma."
Bob,Compiladores com ele foi bem tranquilo. As explicações eram boas. As provas foram condizentes com as listas dele.
Bob,"teoria de pi já nem faz muito sentido, então a aula é bem entediante, mas o professor tenta ajudar se falta pouco p você subir conceito, etc"
Bob,"Mão pesada, e provas com poucos exercícios."
Bob,"Professor tranquilo. Ele permitiu, nessa matéria, levar uma folha de cola para as provas o que ajudou muitooooo. Ademais, ele arredonda conceitos se precisar em até 0,5 de média."
Bob,"A aula é bem chata ,mas ele é super gente boa na correção , da dicas durante a prova inclusive (que é fácil). Cobra presença."
Bob,"O professor é gente boa e ajuda demais, mas a matéria não colabora, então as aulas não eram tão empolgantes, porém as provas foram bem suaves (p2 em dupla) e levando em consideração que podia utilizar material de consulta, inclusive as listas, que eram muito semelhantes a prova. Também teve um trabalho valendo 3 pontos na média."
Bob,"Ai, olha. Ele cobra presença. Da lista, mas que não são de muita ajuda para as provas. As aulas são massantes e com slides. As provas tem pegadinhas e ele ferrou todo mundo na P2 sei lá por que. Mas deixou usarmos uma folha de ""cola"" para as duas provas."
Bob,Prova condizente com os slides e as dicas que ele dá em aula sobre a prova. Aula um pouco monótona.
Bob,"está aprendendo a ser inda, muito esforçado. vale a pena dar uma chance a esse professor."
Bob,"No começo eu gostava dele, achava as aulas um pouco chatas e sonolentas, mas você entendia o conteúdo. Mas na hora da prova mudei de opinião sobre ele, ele deu algumas questões de estilos diferentes do que estavam nas listas, além de distribuir de modo muito desproporcional a nota das questões na prova. Na P2 uma única questão valia metade da nota da prova e era uma questão que ele nunca tinha passado antes, nem em aula e muito menos na lista."
Bob,"Para quem pretende fazer Ciência da Computação, é um excelente professor! (TEORIA) As aulas dele foram bem práticas, definindo os conceitos e demonstrando através de exercícios. Sempre solícito e atencioso com as dúvidas dos alunos. As provas foram condizentes com as listas de exercícios, mas em um nível acima do esperado. Tem a mão pesada na hora da correção! Obs.: cobra presença!"
Bob,"Cobra presença, mas se você for assistir uma aula dele em outro horário que não o seu ele deixa assinar a lista. Aulas um pouco cansativas, complementa slides com explicação. As provas são bem exigentes, então precisa ter bastante dominio da matéria. Deixa levar uma folha frente e verso com anotações"
Bob,De boa
Bob,"A matéria é muito chato, mas foi super tranquilo a aula, meio perdido, mas é bem tranquilo"
Bob,"Eu nem sei o que aconteceu nessa matéria na real! Eu fui em todas as aulas, fazia as listas que ele passava, a P1 eu não estourei, mas era coerente dms! Daí na P2 ngm sabe o que ele tomou e PA, uma questão valendo metade da prova que quem sabia mandou bem e quem não, meu caso, sofreu! Da pra entender, ele se perde as vezes falando das coisas dele, pq ele real gosta, mas tem outras melhores opções!"
Bob,"cobra presença e a matéria é um saco, mas a aula não é ruim. prova com pegadinhas e não considera muita coisa, mas ajuda como pode p/ arredondar conceito."
Charlie,"Manja muito, mas as vezes divaga um pouco em alguns tópicos pois acaba se empolgando e repete algumas histórias. No geral, vale a pena pelas provas serem tranquilos e pela bagagem que ele tem."
Charlie,Professor muito bom e muito tranquilo
Charlie,"Professor sabe muito do conteúdo e se mostra disponível sempre que solicitado, o modelo das aulas foi assíncrono mas marcava plantão e aulas para duvidas antes da prova, a qual foi tranquila, fora isso pedia circuitos feitos em um site online porém sempre instruía muito bem como realizar."
Charlie,Charlie é um deus
Charlie,"No help eu disse que era várzea e continuo dizendo, VARZEA VARZEA VARZEA VARZEA"
Charlie,"Free CR. É um professor muito gente boa, e é extremamente inteligente."
Charlie,"Conta umas ótimas histórias na aula, sabe muito sobre o conteúdo e é totalmente compreensível seu sotaque, muito divertido cursar disciplina com ele e se pudesse pegaria várias outras, ele da muitos pontos extras cobrando nesse caso participação em aula, mas caso se garanta, pode faltar tds os dias e ir só na prova (exceto lab, lab tem que ir sempre q ele cobra presença)."
Charlie,"Bom, mas é meio perdido"
Charlie,"Extremamente carinhoso e compreensivel, divaga bastante mas é muito solicito e preocupado com os estudantes."
Charlie,Prova confusa mas com consulta a qualquer material impresso e com bônus de pontuação por tempo de entrega. Ao final deu 1 ponto na média para quem não tinha faltas
Charlie,"Lelé da cuca no bom sentido, muito apaixonado pelo conteúdo e ajuda muito pra todos fecharem com nota boa"
Charlie,"Aulas eram assíncronas com vídeos que já tinha gravado, em momentos específicos senti dificuldade com o sotaque mas achei um bom professor e pra aumentar CR."
Charlie,"Coxa demais, nem sei como passei, prova de alternativa e não cobra presença e dá pontos nas aulas (eu ia só pelos pontinhos e foi o que me ajudou ficar com C pq eu não sabia nada da prova.)"
Charlie,"Muito bom e aulas boas, gosta de ensinar. Fechei com C, pois eu não frequentava as aulas e não estudei pra prova. Chutei todas as questões. Em algumas aulas ele passou uma sacola pra fazer perguntas e isso multiplicou a nota por um valor x que ele determinou."
Charlie,"Varzea, muito COXA! Ele é um cara super tranquilo e gente boa. Vai que é sucesso!"
Charlie,"O professor Charlie é um cara que entende bem do assunto, literalmente sua vida foi baseada em estudar IAs."
Charlie,"Não cobra presença. Se empolga bastante nas aulas e fica tangenciando a matéria, mas vale a pena ir. Prova com consulta em tudo que você quiser menos celular. Lista de estudo que ele passa ajuda demais e da pra passar só com a lista impressa. Recomendo tudo com ele"
Charlie,"Ótimo professor, manja muito, só viajar um pouco kkkkkk A prova é super condizente com o conteúdo e ele ainda dá pontos a mais por participação e entrega de trabalho extra. Super recomendo."
Charlie,"Não cobra presença o que pode ser bom, mas infelizmente é triste ver o quanto ele se empolga pra montar a aula e passar o conteúdo e pouca gente vai pra sala, prova extremamente de boa, pode consultar qualquer material escrito, segunda disciplina q faço com ele e consigo aprender bastante e ir bem, inclusive amei o quanto ele relacionou a disciplica com a neurociência e aprofundou a respeito do chat gpt."
Charlie,"Manja muito, tem noção do quanto exigir para não abusar, didática boa. Gostei muito"
Charlie,"acho ele um chato, parecia uma criança dando aula, mas é coxa"
Charlie,"Professor muito tranquilo, claro que no EAD facilitou muito e a exigência foi justa"
Charlie,"Bom professor, explica bem e é super gentil. Gostei muito."
Charlie,"fofo, engraçado, sabe mto e ajuda demais os alunos"
Charlie,"Bobonzinho, foi tranquilo passar."
Charlie,"A matéria foi tranquila, professor passou atividades baseadas na série Black Mirror e uma prova final com o conteudo abordado"
Charlie,achei ele mtmtmt fofinhno
Charlie,Professor sabe bastante e gosta de falar bastante (acaba divagando em muitos momentos). São aulas bem tranquilas e ele usou como avaliação continuada episodios de Black Mirror para constextualizar os conceitos apresentados na aula.
Charlie,"Tranquilo de passar, e as aulas são boas"
Charlie,"Excelente! Excelente didática! Aula densa, mas foi ótimo a interação com o Black Mirror! Me fez pensar muito fora da caixa, e contextualizar, e trazer todo o conteúdo da aula para as minha vida profissional, e privada."
Charlie,"Bobem estranho, parecia até que escondia alguma coisa, se empolgava demais nas histórias e as vezes esquecia da aula, uma vez ele fez todo mundo da sala dar as mãos para fazer um experimento que media a velocidade de resposta do sistema nervoso humano; a prova tinha consulta ao caderno ou material impresso e foi bem condizente com as aulas, seu sotaque não atrapalhava muito o entendimento do conteúdo, mas evitaria pegar matéria com ele de novo"
Charlie,"Deu aula até no escuro, deu prova de alternativa cheia de pegadinhas. Não gostei"
Charlie,Professor muito tranquilo. Aulas interessantes e não é mão pesada
Charlie,"eu amei essa matéria, ele manja muito e deixa a aula muito legal. A prova foi bem fácil também, você prestando o mínimo de atenção nas aulas conseguia fazer facilmente"
Charlie,De bouas!
Charlie,"Charlieom didática ruim, tirei essa nota pq era ead."
Charlie,"Professor excelente, um pouco complicado de entender o sotaque dele, mas voltaria a fazer matéria com ele. Talvez o fato de eu ter feito no EAD dificultou um pouco a compreensão dele. Passou apenas uma prova com 1 questão bônus."
Charlie,"Charlie demais, super simpático e aberto, além de ser um poço de conhecimento"
Charlie,"É um fofo, adoro o Charlie. As aulas sempre vinham acompanhadas de atividades relacionadas a um episódio distinto de Black Mirror, e é super super super de boas pra levar nas coxas, ele até resumia o episódio. Na moral, tranquileba."
Charlie,"Foi uma das melhores coisas do quadrimestre, explicou correntes filosóficas e ética de um jeito muito fácil de entender e usou episódios de Black Mirror como referência para as atividades (mas deu uma sinopse bem caprichada para quem não tivesse acesso ou tempo), o que deixou a disciplina leve e ainda melhor de assistir."
Charlie,"Deus da comp, vale muito a pena fazer qqr disciplina com o Charlie"
Charlie,"Ah, ele é uma boa pessoa, explica razoavelmente bem, mas é um pouco chata as aulas dele. De qualquer forma pegaria outra materia facilmente"
Charlie,"Professor solicito e manja muito, ele possui uma ótima didática embora se distraia um pouco nas aulas com suas histórias. A avaliação foi super tranquila, pedindo apenas para reproduzir os circuitos feitos no tinkercad. E a terceira matéria que pego com ele e todas fui tão bem quanto. Recomendo fortemente se você não tem problema com o professor se distrair."
Charlie,"Tinha que enviar tudo via email, ele gravou umas aulas no canal do Youtube dele e tinha uma pergunta por aula por semana, ai teve a prova que foi um forms. Super easy"
Charlie,Não lembro
Charlie,"Professor tranquilo, da pra passar de boa."
Charlie,"Professor que manja muito e extremamente gente boa, excelente aula"
Charlie,"Um fofo, não me arrependo nem um pouco de ter pego com ele. Atencioso, quer ajudar o aluno da forma que puder. As aulas foram gravadas, mas também teve uma ou duas meets para tirar dúvidas presenciais pra quem quisesse. Faria matéria com ele de novo tranquilamente!"
Charlie,"O Charlie é incrível! Simplesmente um amor de pessoa! Muitos dizem que é free CR, e realmente, a disciplina não é puxada, mas pra quem gosta, é uma aula sensacional! O modelo EAD não dificultou o aprendizado para mim que possuo um computador, não sei dizer se somente com o celular seria possível realizar todas as atividades. Mas minha vontade mesmo era fazer os laboratórios dessa matéria presencialmente!"
Charlie,"Professor tranquilo e disponível, achei a quantidade de atividades solicitada + prova de nível mediano"
Charlie,"Eu amo o Charlie e amei essa matéria, porém na maior parte do curso ficamos apenas eu e ele discutindo coisas muito aleatórias, várias indicações de livros, filmes e conselhos de neurociências. A matéria é bem tranquila, mas eu detesto assistir coisas obrigadas, então mesmo sendo episódios de Black Mirror, eu agradecia aos seus a parte do ""com spoilers"" da aula. Para o modelo de QS achei que estava super bem estruturada a disciplina, infelizmente os alunos não participavam das discussões que ocorriam durante os horários de aula, o que deixava a experiência menos divertida. Mas assim, nada de novo. Conceitos bem tranquilos, prova não tão trivial mas toda no material de consulta, já as atividades de aula, muito bobinhas, mas seriam para gerar confusão. A pior parte da matéria são as pessoas pedindo a minutagem das perguntas no vídeo (mesmo 20 pessoas já respondendo)"
Charlie,mostrar mais
Charlie,"Gente finíssima! Paizão da UFABC, solícito, gentil e ainda te passa quase de graça!"
Charlie,"Muito tranquilo, recomendo."
Charlie,Ok.
Charlie,"Charlie é um paizão tb, ajuda muito os alunos! Essa matéria foi um pouco monótona, mas bem tranquila."
Charlie,"Charlie é sensacional, divaga um pouco nas aulas, mas os critérios de avaliação foram bastante justos, cobra o que passa."
Charlie,"O Charlie é um excelente professor, não cobra muito, traz debates interessantes pras aulas. Recomendo, muito justo."
Charlie,Bobom e gosta da disciplina. Avaliação condizente e tranquilo de passar.
Charlie,"Manja muito, é um fofo mas eu ficava cansada nas aulas... Bem, foi bem fácil de passar!"
Charlie,Aulão estilo palestra de Davee história que os alunos ficam vidrados! Um amor.
Charlie,Muito fofo e você consegue passar fazendo nada
Charlie,"Prof gente boa demais, um fofo.. com slides bem completinhos. Deu prova com consulta, que eram basicamente questões iguais do slides e você podia levar qualquer material impresso. Foi só imprimir todos os slides e tirei A kkkk fora que passou ainda atividade extra valendo ponto direto na média pra subir a nota. Paizao demais."
Charlie,"ECE: Um pai, te ajuda bastante, é muito bonzinho."
Charlie,"Professor gente boa demais, boa didática e prova relativamente fácil. Se quiser se aprofundar demais na matéria não recomendaria ele."
Charlie,"Fiz a aula em inglês, mas ela foi mais um portunholglish, super difícil de entender o que ele dizia, principalmente pq ficava nos falsos cognatos de maneira errada direto. A aula não é boa nem te prende, mas pede apenas um trabalho (tipo uma redação) e uma prova de alternativa baseada nos slides com consulta ao caderno, se não me falha a memória."
Charlie,"Professor muito inteligente, mas as aulas são um pouco várzea. A prova não é de todo fácil, precisa estudar, e é inteira de alternativa."
Charlie,Professor legal! Não perca 1/2 aulas pois é bastante conteúdo e é fácil se perder. Faça tudo que ele recomenda.
Charlie,"Ele entende bastante de circuitos, mas forma dele de explicar pode ser confusa. Adora contar histórias no meio da aula. A prova é confusa mas de boa, e o trabalho que ele passa para fazer explicando o laboratório vale bastante nota e ele é bem tranquilo. Recomendo para a computação e não quer trabalhar com eletrônica, mas não sei dizer se você faz engenharia."
Charlie,"Manja muito de matéria, super fofo. Nao prestei muita atenção nas aulas e quase rodei. Vale apena"
Charlie,"Rodei pq sou um imbecil, mas o professor é firmeza, recomendadíssimo!"
Charlie,"Ele é uma fofura, muito disposto a ajudar e te fazer entender, fiz o mínimo do mínimo e passei."
Charlie,"Achei que era coxa e me dei mal, não entendi o que rolou nessa matéria."
Charlie,"Gente, passei com A mas assim, não sei aonde vocês dizem que o Javiér é coxa. No dia da prova pediu para todo mundo sair da sala e colocou todo mundo separado, ELE ESCOLHIA O LUGAR QUE VOCÊ IA SENTAR, ou seja, sem amiguinhos por perto, fora que ele usa um método que se entrega a prova mais rápido tem um bônus na nota. A prova me pareceu ser razoável, mas dava pra garanti um D."
Charlie,Tem muito conhecimento do assunto e faz de tudo para ajudar o aluno que o procura para tirar dúvidas.
Charlie,"Manja muito mas é super coxa. Deu uma única avaliação pro quadrimestre todo, com direito a REC e SUB (se não me engano, fechada). Passei com A mas aprendi quase 0 coisas... a prova dele teve um sistema que se vc entregasse a prova em menos tempo, ganha mais nota adicional kkk"
Charlie,Não entendia muitas vezes o que ele falava mas até ai ok
Charlie,"Todo mundo fala que é de boa mas eu discordo. Não cobra presença e deixa fazer a prova com consulta, estudei um dia antes e deu pra passar. O que mata é a prova única, se for mau já era."
Charlie,"Foi TRANQUILASSO professor um amor, de verdade, se puder ainda troca uma ideia com ele depois da aula Um amor de pessoa, de verdade."
Charlie,Perfeito
Charlie,Bom Professor
Charlie,"A aula com ele é muuuito de boa, ele gosta de dar aula e as vezes acaba se empolgando nas histórias dele. A prova foi tranquila de alternativa, e ele deu um teste umas semanas antes que o grupo que terminasse primeiro e acertasse mais ganhava ponto extra"
Charlie,não pegaria novamente
Charlie,"O Charlie é um bom professor, aborda bem os temas das aulas. A prova foi com consulta, podíamos levar material das aulas, ou até mesmo os slides impressos se quiséssemos. Apesar disso, achei a prova um pouco distante do que ele abordou nas aulas, e ele escolheu os lugares que os alunos iriam sentar durante a avaliação, o que atrasou uns 30 min o início. Ele atribuiu a nota baseado nos acertos e no tempo de avaliação, quem entregava rápido tinha os acertos multiplicados por um percentual, que ia diminuindo com o aumento do tempo de prova. No geral o professor é ok e dá pra ir bem na matéria sem muito esforço."
Charlie,"O conteúdo da disciplina é chato e chega um momento que nem dá vontade de assistir, mas ele explica bem. Não cobra presença. Um ponto bem negativo é que ele aplicou prova única."
Charlie,Charlie é maravilhoso. Garantia de A
Charlie,"Sabe muito sobre o assunto. Está sempre disposto a ajudar os alunos, pois faz uma atividade para aumentar a nota da prova. Para tirar dúvidas você tem que ser pontual, então tem que ir na sala dele no horário certo. Responde os e-mails rápidos e a prova não é difícil, mas tem que dar uma estudada e levar as anotações, pois ele deixa consultá-las."
Charlie,"Ele é engraçado, mas para ser sincero não aprendi NADA nessa matéria."
Charlie,"Professor maravilhoso, aulas ótimas!!! Não cai nessa de free CR não, ele cobrou bastante na prova, mas foi bem condizente com o conteúdo e ele deu várias chances para nota extra, quem se interessou conseguiu. Fechei a matéria com nota 12. sahuashuashua"
Charlie,"O cara é show, vai que é uma opção super boa e ele é muito gente boa."
Charlie,"Um relato real, se você quer um professor várzea, pode pegar ele. Mas se você for fazer computação e quiser um Davea área que é muito gente boa e tenta te ajudar sempre. Pode pegar também. Prova fácil e aulas super divertidas."
Charlie,"Não é mais tão coxa quanto falam por aqui... as aulas são bem legais mas não gosto da didática dele. Faz da aula uma certa competição entre os aluno, e na minha opinião já temos competição demais na ufabc, passou um trabalho na aula que só ganhava nota os 5 primeiros grupos que entregassem e na prova (toda de alternativa e cheia de pegadinhas) aqueles que entregavam primeiro também eram recompensados."
Charlie,"Professor mais feliz da UFABC, realmente gosta do que faz, porém a matéria não é tão interessante. Prova não é tão simples assim, porém o juda muito"
Charlie,"Se você quer aprender de verdade não pegue ele, mas se for só pra passar, okay."
Charlie,"Professor gente fina e muito inteligente. Ótimo pra trocar uma ideia. Sua aula é tranquila, às vezes divaga, mas o assunto também é interessante. Suas atividades são bem divertidas de se fazer e sua prova é condizente. Super recomendo!"
Charlie,"A avaliação foi feita por apenas 1 prova da matéria toda com consulta e estava tranquila. É um Daveiferente e não passa todo conteúdo mas tem aulas interessantes também. Antes da prova ele dá uma revisão com exercícios no nível da prova que ajuda bastante. Tem uma entrevista no programa do Jô, recomendo assistir no youtube para escutar como é o sotaque."
Charlie,"A matéria não é muito dificil de se passar com ele, ele costumava dar pontos por presença, porém no meu quad ele tirou isso, e deixou uma atividade em que os grupos que fizessem ela ganhavam 3 pontos a mais na média"
Charlie,"Apesar de fechar com A achei as aulas confusas, não gostei muito da explicação, não recomendo, aprendi sozinha as coisas pra prova"
Charlie,"Eu amava as aulas do Charlie Pelaez. Era a mais interativa da sala, ele tem uma abordagem bem do ponto de vista da neuro e eu me interessava muito. O conteúdo que ele ensina é incrível, mas acaba cobrando na prova o mesmo que os outros professores. Aprendi muito os conceitos, mas a prova única foi praticamente cálculos com os quais tive pouco contato. Acabei indo mal."
Charlie,"Não passou lista de presença e passou uma lista de exercícios para entregar em grupo duas aulas antes da prova, é importante fazer pq na prova cai a mesma coisa. Na prova deixou consultar material impresso e deu pontinhos extras para quem terminasse rápido, de resto é o que está aí nos outros comentários"
Charlie,"É um ótimo professor, tem um conhecimento absurdo, só fechei com B pois só fui em duas aulas e no dia da prova unica, mas recomendo"
Charlie,Bem coxa...
Charlie,"De verdade, ele sabe muito da matéria. As aulas são boas, porém um pouco cansativas, porque ele divaga um pouco. Teve apenas uma avaliação (com consulta) e uma atividade em grupo. A matéria com ele é super tranquila, mas também não deixa acumular muito conteúdo."
Charlie,Ele é um fofo e explica muito bem. A prova é meio complicadinha mas ele da acréscimos conforme o tempo que você entrega.
Charlie,"Ele tem muito conhecimento e bagagem, nas aulas ele viaja um pouco, fala de coisas bem aleatorias e eu achei confuso o modo dele dar. Porém é beeeem fácil de passar com ele. Ele não cobra presença, deixa levar todo seu material impresso pra prova (que no meu caso foi único no fim do quad) e foi mega fácil de passar. Pega com ele que é bem de boa"
Charlie,"Professor ótimo, explica bem. A provas são super condizentes com as aulas, se prestar atenção na aula nem precisa estudar muito. E ele ajuda muitoooo, não quer prejudicar os alunos."
Charlie,"O Charlie leva em conta que os alunos realmente se esforcem pra aprender a matéria, por isso o método de avaliação dele é super fácil. Recomendo se estiver disposto a estudar por conta para que realmente aprenda a matéria. Ótimo professor, muito inteligente e solicito."
Charlie,"Sabe muito da matéria, tem boa didática, gosta de dar aula, gente boa. A única ressalva que tenho nele foi que teve prova unica sendo múltipla escolha e as perguntas eram da matéria que ele deu menos enfoque. Mas ele ajuda dando alguns pontos extras, e a prova é full consulta com material impresso."
Charlie,"Gostei das aulas dele, mas ele tem várias superstições e teorias estranhas que pega o foco da aula. Não gostei do método que ele deu a prova, foi uma prova única mas de alternativa e ele deu uma atividade valendo 3 pontos na média durante a aula e ganharia os 3 primeiros grupos a acertarem o maior número de exercícios, a prova estava valendo mais que 10 então dava pra fechar com A fácil."
Charlie,"Aulas confusas, que em nada se assemelharam ao conteúdo da prova. Sim, uma única prova. Nenhuma lista ou um mísero sequer exercício para auxílio na compreensão e fixação do conteúdo. Apenas uma semana antes da prova, ele apareceu com uma lista de 10 exercícios (também confusos) para entregar. Os 5 primeiros grupos que entregaram ganharam pontos. Porém, essa lista também não teve nada a ver com o conteúdo da prova. A única ""vantagem"" foi a possibilidade de levar e consultar material escrito durante a prova. Porém, o conteúdo da prova é uma surpresa, então, imprima tudo que puder. Se gosta da área e deseja realmente aprender, não recomendo."
Charlie,"Professor super amigável e com uma boa didática, mesmo passando slides. A prova foi única no fim do quadrimestre e super tranquila. Ele deixou levar anotações para usar durante a prova (podia até imprimir os slides!)."
Charlie,"Pior Daveo meu 2º quad. Grosso, zero receptividade, sotaque pegava muito, slides densos e confusos, explicação incoerente e prova que não foi condizente ao que foi ministrado durante as aulas. Não caia na história de coxa, nem na cara de fofinho dele. Ele mudou, o ambiente o corrompeu."
Charlie,"Sotaque espanhol, mas dá pra entender bem Didática maravilhosa, um amor de pessoa e prova condizente"
Charlie,"Prova confusa, mas Bobom. Tem uma didática bem simplista, mas da pra aprender e passar tranquilamente. Coxa."
Charlie,Não foi coxa como diziam
Charlie,"Excelente professor, não complica em tópicos que não são essenciais para o dia a dia e estimula discussões pertinentes."
Charlie,"o que dizer do professor que nunca vou entender o que ele passou? mas coxa demais, prova unica, pediu um texto que valia 3 pontos para a ultima aula (um resumo de qualquer matéria), dava ponto por presença mas só cobrou mesmo nas ultimas 5 aulas. E ainda fez uns quiz malucos pra ganhar ponto. Prova igual do ano anterior"
Charlie,"Ele é muito gentil. Não deu prova, apenas pequenas atividades de lab e bem tranquilas. Nota boa na certa!"
Charlie,dá uma aula tão empolgado que até parece que vai ficar sem ar. só uma prova de alternativa errada com bonus multiplicativo de tempo (entregue rápido que sua nota aumenta). corrige ela na hora e vc já sabe se passou ou não
Charlie,Davee boassa... Faltei metade do curso e ainda passei. Prova de múltipla escolha.
Charlie,"1) Acho a didática muito boa, apresentou exemplos reais. 2) A prova é de múltipla escolha e difícil. 3) Já foi entrevistado pelo Jô Soares."
Charlie,"Se você já fez alguma outra disciplina com ele, é o mesmo ritmo e dinâmica de aula. Faça anotações de aula. A prova era de alternativas, escolhendo as alternativas erradas. Também dá um bônus multiplicador de nota, de acordo com o tempo que você entrega a prova, que vai de 2 até 1. (Entregue em 1 minuto e ele multiplica sua nota por 2, entregue em 1 hora e ele multiplica por 1). Corrige a prova logo que você entrega, então você já sai sabendo sua nota."
Charlie,"Gente boa, pode pegar q é sucesso"
Charlie,"Prova alternativa, com consulta. Trabalho extra. Só vai"
Charlie,"Professor gente boa. Porém com slides e prova confusa, mas mesmo assim, ajuda para que você tire nota"
Charlie,"Fofinho o Pelaez. O que ele tem de bondade ele tem de inteligência, manja muito e cobra pouco, já que os métodos de avaliação são bem de boas. Ele se perde um pouco na interdisciplinaridade, então que for mais Hard na computação pode não gostar."
Charlie,Professor gente boa. Fez uma gincana com a gente até hahaha
Charlie,"Ele é uma ótima pessoa, suas aulas são meio monótonas mas as provas são tranquilas."
Charlie,"Se você quer passar em NI com A, faça com o Charlie, mesmo que você não tenha entendido a matéria, pois ele deu 1 ponto extra por ter presença nas aulas, deu uma espécie de redação pra fazer, valendo 2 pontos extras, fez uma espécie de gincana, valendo 3 pontos extras, que eram adicionais na média final, se eu me lembro bem, e deu uma prova única que valia até 10 pontos. Teve gente que fechou essa matéria com 16 pontos na média final, por causa disso. A prova é com consulta de qualquer material impresso e ele sempre disponibiliza os slides das aulas. E ele dá bônus na nota da prova pra quem entrega rápido. Caso você tenha esquecido de entregar a redação durante a prova, manda um e-mail pra ele explicando o ocorrido, junto com um anexo da redação, pois foi isso que me salvou (pq eu tinha esquecido de entregar lá na hora kkk)"
Charlie,"Meio louco, mas muito legal"
Charlie,"O Charlie tem uma abordagem mais teórica da disciplina, ele não vai ficar pedindo pra você ficar testando eficiência de código ou calculando entropia. As aulas são interessantes, sempre leva curiosidades sobre o tema da aula. No quesito de avaliação é uma várzea gigantesca, dava ponto por qualquer coisa, presença só valia ponto, deu uma ""gincana"" que valia ponto, um trabalho para entregar no dia da prova, e tudo isso era extra. Foi uma prova única, com consulta a qualquer material impresso, e ainda tinha bonificação por tempo de prova. Foi bem tranquilo."
Charlie,"Facil de tirar nota, da muitos pontos extras.Aula razoável, da pra entender"
Charlie,"Muito boa a aula, me perdi pois era meu primeiro quad e era de transferencia, troquei as semanas e por isso perdi algumas aulas, mas pegaria qualquer matéria com ele de novo"
Charlie,"Professor muito gente boa. Gosta de lecionar a materia, tem muito conhecimento, porém perde o foco em alguns momentos da aula demorando demais com alguns exemplos próprios da vida, a reclamação aqui, não é dizer sobre exemplos próprios, mas demora demais. Professor muito solicito, sempre perguntando se está acessível o idioma, ajudando os alunos com pontos a mais. Há uma prova de alternativas e um trabalho. A matéria não é dificil e nem o professor também a complica, sendo bem fácil a aprovação"
Charlie,"A matéria foi super simplória e boa parte das aulas foi dedicada a conspirações sobre ""deep state"" e até mesmo negacionismo do atentado às torres gêmeas!!! A prova foi super bobinha, conceitos muito superficiais e um trabalho super fácil. Disse que daria ponto para quem fosse em todas as aulas que ele passasse a lista, que seria aleatoriamente, mas acabou que ele passou lista uma vez só na aula antes da prova."